{"cameraMode":{"drawMode":0,"name":"Shaded","section":"Shading Mode"},"sceneLighting":true,"audioPlay":false,"sceneViewState":{"m_AlwaysRefresh":false,"showFog":true,"showSkybox":true,"showFlares":true,"showImageEffects":true,"showParticleSystems":true,"showVisualEffectGraphs":true,"m_FxEnabled":true},"in2DMode":false,"pivot":{"x":885.8281860351563,"y":287.41741943359377,"z":173.88250732421876},"rotation":{"x":-0.07673492282629013,"y":-0.01727086305618286,"z":0.001275943941436708,"w":-0.9970136284828186},"size":383.85858154296877,"orthographic":false}