{"cameraMode":{"drawMode":0,"name":"Shaded","section":"Shading Mode"},"sceneLighting":true,"audioPlay":false,"sceneViewState":{"m_AlwaysRefresh":false,"showFog":true,"showSkybox":true,"showFlares":true,"showImageEffects":true,"showParticleSystems":true,"showVisualEffectGraphs":true,"m_FxEnabled":true},"in2DMode":false,"pivot":{"x":-7.506838321685791,"y":16.094823837280275,"z":-18.747806549072267},"rotation":{"x":-0.009350826032459736,"y":-0.9906004667282105,"z":-0.0920976996421814,"w":0.10278689116239548},"size":12.12435531616211,"orthographic":false}