{"cameraMode":{"drawMode":0,"name":"Shaded","section":"Shading Mode"},"sceneLighting":true,"audioPlay":false,"sceneViewState":{"m_AlwaysRefresh":false,"showFog":true,"showSkybox":true,"showFlares":true,"showImageEffects":true,"showParticleSystems":true,"showVisualEffectGraphs":true,"m_FxEnabled":true},"in2DMode":false,"pivot":{"x":-339.9528503417969,"y":19.578208923339845,"z":-49.290199279785159},"rotation":{"x":0.38074636459350588,"y":-0.26047852635383608,"z":0.11276158690452576,"w":0.8801394701004028},"size":1.468191385269165,"orthographic":false}