{"cameraMode":{"drawMode":0,"name":"Shaded","section":"Shading Mode"},"sceneLighting":false,"audioPlay":false,"sceneViewState":{"m_AlwaysRefresh":false,"showFog":true,"showSkybox":false,"showFlares":true,"showImageEffects":true,"showParticleSystems":true,"showVisualEffectGraphs":true,"m_FxEnabled":true},"in2DMode":false,"pivot":{"x":0.010902166366577149,"y":1.4532418251037598,"z":-0.008214466273784638},"rotation":{"x":0.027291685342788698,"y":0.033215079456567767,"z":-0.0009309534216299653,"w":0.9991676807403565},"size":1.9622150659561158,"orthographic":false}